{"DAY_OF_WEEK_7": 0.050264548510313034, "intersection_segments_3": 0.0, "hwy_type_19": 0.0, "HOUR_0": 0.01587301678955555, "HOUR_21": 0.009700176306068897, "HOUR_17": 0.010582010261714458, "intersection_segments_20": 0.0017636683769524097, "HOUR_13": 0.006172839552164078, "HOUR_9": 0.006172839552164078, "lanes_3": 0.006172839552164078, "log_LAST_7_DAYS": 0.0, "HOUR_22": 0.010582010261714458, "hwy_type_0": 0.0035273367539048195, "signal_1": 0.0008818341884762049, "hwy_type_17": 0.0, "direction_N-S": 0.01675485074520111, "hwy_type_15": 0.0017636683769524097, "intersection_0": 0.014109347015619278, "MONTH_2": 0.012345679104328156, "HOUR_14": 0.0017636683769524097, "HOUR_15": 0.007054673507809639, "intersection_segments_9": 0.0035273367539048195, "intersection_segments_28": 0.0017636683769524097, "direction_E-W": 0.008818342350423336, "hwy_type_10": 0.0, "intersection_segments_18": 0.0026455025654286146, "intersection_segments_6": 0.0008818341884762049, "log_LAST_365_DAYS": 0.02292769029736519, "DAY_OF_WEEK_5": 0.0035273367539048195, "MONTH_4": 0.008818342350423336, "HOUR_7": 0.0017636683769524097, "HOUR_10": 0.0008818341884762049, "intersection_segments_22": 0.0017636683769524097, "hwy_type_7": 0.0017636683769524097, "DAY_OF_WEEK_2": 0.009700176306068897, "direction_NW-SE": 0.009700176306068897, "HOUR_20": 0.009700176306068897, "intersection_segments_21": 0.0008818341884762049, "MONTH_6": 0.009700176306068897, "hwy_type_11": 0.0, "MONTH_8": 0.0026455025654286146, "MONTH_9": 0.009700176306068897, "HOUR_19": 0.0017636683769524097, "intersection_segments_4": 0.0, "hwy_type_23": 0.0, "HOUR_12": 0.007054673507809639, "MONTH_1": 0.0035273367539048195, "intersection_segments_11": 0.005291005130857229, "hwy_type_4": 0.0, "intersection_segments_13": 0.0017636683769524097, "intersection_segments_17": 0.0026455025654286146, "intersection_segments_23": 0.0017636683769524097, "hwy_type_9": 0.0008818341884762049, "lanes_4": 0.007054673507809639, "intersection_segments_7": 0.0008818341884762049, "direction_NE-SW": 0.005291005130857229, "signal_3": 0.0035273367539048195, "intersection_segments_32": 0.0, "oneway_1": 0.007936508394777775, "intersection_1": 0.0, "crosswalk_5.0": 0.0008818341884762049, "hwy_type_22": 0.0, "MONTH_12": 0.005291005130857229, "log_LAST_1825_DAYS": 0.05820105969905853, "MONTH_5": 0.0017636683769524097, "crosswalk_2.0": 0.006172839552164078, "hwy_type_3": 0.014109347015619278, "MONTH_11": 0.0026455025654286146, "hwy_type_8": 0.012345679104328156, "MONTH_10": 0.0026455025654286146, "HOUR_18": 0.009700176306068897, "intersection_segments_16": 0.004409171175211668, "DAY_OF_WEEK_4": 0.007936508394777775, "intersection_segments_24": 0.0017636683769524097, "lanes_0": 0.013227513059973717, "hwy_type_18": 0.0, "MONTH_3": 0.006172839552164078, "intersection_segments_27": 0.0035273367539048195, "log_width_per_lane": 0.0, "intersection_segments_0": 0.0, "crosswalk_4.0": 0.0, "intersection_segments_19": 0.0017636683769524097, "hwy_type_21": 0.0, "log_LAST_3650_DAYS": 0.07319223880767822, "hwy_type_5": 0.0035273367539048195, "lanes_2": 0.012345679104328156, "log_width": 0.0, "intersection_segments_5": 0.0035273367539048195, "lanes_1": 0.007936508394777775, "crosswalk_3.0": 0.0, "intersection_segments_15": 0.0, "HOUR_2": 0.019400352612137794, "hwy_type_2": 0.014109347015619278, "intersection_segments_26": 0.0008818341884762049, "MONTH_7": 0.0026455025654286146, "oneway_0": 0.0, "HOUR_4": 0.018518518656492233, "DAY_OF_WEEK_0": 0.04938271641731262, "intersection_segments_2": 0.0, "crosswalk_8.0": 0.0017636683769524097, "signal_2": 0.0017636683769524097, "crosswalk_1.0": 0.008818342350423336, "HOUR_5": 0.012345679104328156, "hwy_type_20": 0.0, "intersection_segments_14": 0.0008818341884762049, "hwy_type_6": 0.009700176306068897, "signal_4": 0.009700176306068897, "HOUR_11": 0.0017636683769524097, "intersection_segments_8": 0.0008818341884762049, "hwy_type_1": 0.010582010261714458, "DAY_OF_WEEK_3": 0.007936508394777775, "HOUR_1": 0.014109347015619278, "hwy_type_13": 0.004409171175211668, "signal_6": 0.0, "lanes_6": 0.0, "HOUR_16": 0.004409171175211668, "log_osm_speed": 0.06437389552593231, "HOUR_3": 0.01675485074520111, "DAY_OF_WEEK_6": 0.012345679104328156, "hwy_type_14": 0.0, "hwy_type_12": 0.0008818341884762049, "intersection_segments_12": 0.006172839552164078, "signal_5": 0.0, "intersection_segments_30": 0.0, "signal_0": 0.011463845148682594, "HOUR_8": 0.010582010261714458, "HOUR_6": 0.007936508394777775, "lanes_5": 0.0, "hwy_type_16": 0.005291005130857229, "crosswalk_7.0": 0.0, "DAY_OF_WEEK_1": 0.05820105969905853, "intersection_segments_10": 0.0035273367539048195, "intersection_segments_25": 0.0008818341884762049, "HOUR_23": 0.017636684700846672, "log_LAST_30_DAYS": 0.0008818341884762049}